execucao_id,cenario,familia_intencionada,classe,attacker_ip,flush_ip,t_start,t_end,gerador_rc,pcap_pacotes
campanha02-port-scanner-tcp-malicioso-r10,port-scanner-tcp,scan,malicioso,172.30.0.10,172.30.0.250,2026-07-17T10:52:26.150Z,2026-07-17T10:53:28.959Z,0,2012
campanha02-sql-injection-malicioso-r06,sql-injection,sqli,malicioso,172.30.0.10,172.30.0.250,2026-07-17T10:53:40.625Z,2026-07-17T10:58:32.209Z,124,12005
campanha02-benigno-http-benigno-r12,benigno-http,http,benigno,172.30.0.20,172.30.0.250,2026-07-17T10:58:41.538Z,2026-07-17T11:00:41.731Z,0,805
campanha02-sql-injection-malicioso-r04,sql-injection,sqli,malicioso,172.30.0.10,172.30.0.250,2026-07-17T11:00:48.409Z,2026-07-17T11:05:32.534Z,124,12106
campanha02-syn-flood-malicioso-r09,syn-flood,flood-syn,malicioso,172.30.0.10,172.30.0.250,2026-07-17T11:05:41.065Z,2026-07-17T11:06:48.032Z,124,975
campanha02-benigno-http-benigno-r01,benigno-http,http,benigno,172.30.0.20,172.30.0.250,2026-07-17T11:07:00.349Z,2026-07-17T11:09:13.137Z,0,805
campanha02-syn-flood-malicioso-r13,syn-flood,flood-syn,malicioso,172.30.0.10,172.30.0.250,2026-07-17T11:09:19.357Z,2026-07-17T11:10:02.404Z,124,1043
campanha02-dns-tunneling-malicioso-r03,dns-tunneling,dns-tunneling,malicioso,172.30.0.10,172.30.0.250,2026-07-17T11:10:14.253Z,2026-07-17T11:11:49.781Z,0,407
campanha02-benigno-dns-benigno-r13,benigno-dns,dns,benigno,172.30.0.20,172.30.0.250,2026-07-17T11:12:01.179Z,2026-07-17T11:14:09.291Z,0,3
campanha02-icmp-flood-malicioso-r02,icmp-flood,flood-icmp,malicioso,172.30.0.10,172.30.0.250,2026-07-17T11:14:15.791Z,2026-07-17T11:15:14.419Z,124,431067
campanha02-benigno-scan-benigno-r13,benigno-scan,scan,benigno,172.30.0.20,172.30.0.250,2026-07-17T11:15:27.307Z,2026-07-17T11:17:45.273Z,0,175
campanha02-sql-injection-malicioso-r05,sql-injection,sqli,malicioso,172.30.0.10,172.30.0.250,2026-07-17T11:17:56.768Z,2026-07-17T11:22:47.269Z,124,12213
campanha02-dns-tunneling-malicioso-r09,dns-tunneling,dns-tunneling,malicioso,172.30.0.10,172.30.0.250,2026-07-17T11:22:57.097Z,2026-07-17T11:24:31.591Z,0,411
campanha02-benigno-mix-benigno-r10,benigno-mix,mix,benigno,172.30.0.20,172.30.0.250,2026-07-17T11:24:42.725Z,2026-07-17T11:26:52.166Z,0,238
campanha02-dos-http-simple-malicioso-r09,dos-http-simple,dos-http,malicioso,172.30.0.10,172.30.0.250,2026-07-17T11:26:58.755Z,2026-07-17T11:27:57.453Z,0,2005
campanha02-sql-injection-malicioso-r01,sql-injection,sqli,malicioso,172.30.0.10,172.30.0.250,2026-07-17T11:28:08.885Z,2026-07-17T11:33:00.577Z,124,12080
campanha02-sql-injection-malicioso-r15,sql-injection,sqli,malicioso,172.30.0.10,172.30.0.250,2026-07-17T11:33:07.616Z,2026-07-17T11:38:00.007Z,124,12207
campanha02-benigno-http-benigno-r06,benigno-http,http,benigno,172.30.0.20,172.30.0.250,2026-07-17T11:38:11.800Z,2026-07-17T11:40:26.255Z,0,805
campanha02-xss-scanner-malicioso-r02,xss-scanner,xss,malicioso,172.30.0.10,172.30.0.250,2026-07-17T11:40:37.867Z,2026-07-17T11:41:38.495Z,0,887
campanha02-sql-injection-malicioso-r12,sql-injection,sqli,malicioso,172.30.0.10,172.30.0.250,2026-07-17T11:41:51.753Z,2026-07-17T11:46:41.852Z,124,12208
campanha02-icmp-flood-malicioso-r05,icmp-flood,flood-icmp,malicioso,172.30.0.10,172.30.0.250,2026-07-17T11:46:48.953Z,2026-07-17T11:47:51.933Z,124,493461
campanha02-dos-http-simple-malicioso-r15,dos-http-simple,dos-http,malicioso,172.30.0.10,172.30.0.250,2026-07-17T11:48:04.145Z,2026-07-17T11:49:19.432Z,0,2005
campanha02-xss-scanner-malicioso-r06,xss-scanner,xss,malicioso,172.30.0.10,172.30.0.250,2026-07-17T11:49:30.878Z,2026-07-17T11:50:30.536Z,0,925
campanha02-xss-scanner-malicioso-r15,xss-scanner,xss,malicioso,172.30.0.10,172.30.0.250,2026-07-17T11:50:42.320Z,2026-07-17T11:51:43.717Z,0,923
campanha02-idor-path-traversal-malicioso-r10,idor-path-traversal,path-traversal,malicioso,172.30.0.10,172.30.0.250,2026-07-17T11:51:55.941Z,2026-07-17T11:52:55.210Z,0,3112
campanha02-icmp-flood-malicioso-r12,icmp-flood,flood-icmp,malicioso,172.30.0.10,172.30.0.250,2026-07-17T11:53:07.108Z,2026-07-17T11:54:14.090Z,124,481109
campanha02-benigno-scan-benigno-r04,benigno-scan,scan,benigno,172.30.0.20,172.30.0.250,2026-07-17T11:54:26.561Z,2026-07-17T11:56:37.138Z,0,175
campanha02-idor-path-traversal-malicioso-r02,idor-path-traversal,path-traversal,malicioso,172.30.0.10,172.30.0.250,2026-07-17T11:56:43.765Z,2026-07-17T11:57:25.812Z,0,3019
campanha02-icmp-flood-malicioso-r08,icmp-flood,flood-icmp,malicioso,172.30.0.10,172.30.0.250,2026-07-17T11:57:38.314Z,2026-07-17T11:58:45.434Z,124,503275
campanha02-benigno-mix-benigno-r11,benigno-mix,mix,benigno,172.30.0.20,172.30.0.250,2026-07-17T11:58:58.389Z,2026-07-17T12:01:12.348Z,0,242
campanha02-sql-injection-malicioso-r13,sql-injection,sqli,malicioso,172.30.0.10,172.30.0.250,2026-07-17T12:01:23.752Z,2026-07-17T12:06:19.178Z,124,12177
campanha02-benigno-ssh-benigno-r04,benigno-ssh,ssh,benigno,172.30.0.20,172.30.0.250,2026-07-17T12:06:31.338Z,2026-07-17T12:08:34.748Z,0,55
campanha02-benigno-dns-benigno-r10,benigno-dns,dns,benigno,172.30.0.20,172.30.0.250,2026-07-17T12:08:41.417Z,2026-07-17T12:10:41.075Z,0,3
campanha02-dns-tunneling-malicioso-r02,dns-tunneling,dns-tunneling,malicioso,172.30.0.10,172.30.0.250,2026-07-17T12:10:47.968Z,2026-07-17T12:12:11.598Z,0,409
campanha02-syn-flood-malicioso-r15,syn-flood,flood-syn,malicioso,172.30.0.10,172.30.0.250,2026-07-17T12:12:23.335Z,2026-07-17T12:13:28.522Z,124,1118
campanha02-idor-path-traversal-malicioso-r12,idor-path-traversal,path-traversal,malicioso,172.30.0.10,172.30.0.250,2026-07-17T12:13:40.434Z,2026-07-17T12:14:39.882Z,0,3060
campanha02-benigno-mix-benigno-r01,benigno-mix,mix,benigno,172.30.0.20,172.30.0.250,2026-07-17T12:14:52.071Z,2026-07-17T12:16:51.231Z,0,238
campanha02-benigno-mix-benigno-r08,benigno-mix,mix,benigno,172.30.0.20,172.30.0.250,2026-07-17T12:16:58.316Z,2026-07-17T12:18:52.017Z,0,238
campanha02-port-scanner-tcp-malicioso-r13,port-scanner-tcp,scan,malicioso,172.30.0.10,172.30.0.250,2026-07-17T12:18:58.950Z,2026-07-17T12:19:34.495Z,0,2011
campanha02-benigno-ssh-benigno-r08,benigno-ssh,ssh,benigno,172.30.0.20,172.30.0.250,2026-07-17T12:19:46.709Z,2026-07-17T12:21:54.091Z,0,54
campanha02-benigno-scan-benigno-r05,benigno-scan,scan,benigno,172.30.0.20,172.30.0.250,2026-07-17T12:22:00.711Z,2026-07-17T12:24:04.287Z,0,175
campanha02-benigno-icmp-benigno-r02,benigno-icmp,icmp,benigno,172.30.0.20,172.30.0.250,2026-07-17T12:24:16.121Z,2026-07-17T12:26:13.970Z,0,169
campanha02-benigno-icmp-benigno-r08,benigno-icmp,icmp,benigno,172.30.0.20,172.30.0.250,2026-07-17T12:26:20.782Z,2026-07-17T12:28:14.755Z,0,169
campanha02-benigno-scan-benigno-r14,benigno-scan,scan,benigno,172.30.0.20,172.30.0.250,2026-07-17T12:28:21.539Z,2026-07-17T12:30:26.858Z,0,177
campanha02-benigno-mix-benigno-r13,benigno-mix,mix,benigno,172.30.0.20,172.30.0.250,2026-07-17T12:30:38.605Z,2026-07-17T12:32:36.801Z,0,238
campanha02-xss-scanner-malicioso-r12,xss-scanner,xss,malicioso,172.30.0.10,172.30.0.250,2026-07-17T12:32:43.599Z,2026-07-17T12:33:30.530Z,0,920
campanha02-benigno-mix-benigno-r04,benigno-mix,mix,benigno,172.30.0.20,172.30.0.250,2026-07-17T12:33:43.110Z,2026-07-17T12:35:38.173Z,0,238
campanha02-syn-flood-malicioso-r08,syn-flood,flood-syn,malicioso,172.30.0.10,172.30.0.250,2026-07-17T12:35:45.248Z,2026-07-17T12:36:41.404Z,124,1116
campanha02-port-scanner-tcp-malicioso-r07,port-scanner-tcp,scan,malicioso,172.30.0.10,172.30.0.250,2026-07-17T12:36:52.962Z,2026-07-17T12:37:44.497Z,0,2012
campanha02-benigno-icmp-benigno-r05,benigno-icmp,icmp,benigno,172.30.0.20,172.30.0.250,2026-07-17T12:37:56.805Z,2026-07-17T12:39:52.662Z,0,173
campanha02-idor-path-traversal-malicioso-r07,idor-path-traversal,path-traversal,malicioso,172.30.0.10,172.30.0.250,2026-07-17T12:39:59.322Z,2026-07-17T12:40:50.345Z,0,2944
campanha02-sql-injection-malicioso-r14,sql-injection,sqli,malicioso,172.30.0.10,172.30.0.250,2026-07-17T12:41:02.274Z,2026-07-17T12:45:53.270Z,124,11964
campanha02-benigno-ssh-benigno-r05,benigno-ssh,ssh,benigno,172.30.0.20,172.30.0.250,2026-07-17T12:46:00.777Z,2026-07-17T12:47:47.919Z,0,59
campanha02-dos-http-simple-malicioso-r12,dos-http-simple,dos-http,malicioso,172.30.0.10,172.30.0.250,2026-07-17T12:47:54.744Z,2026-07-17T12:49:00.216Z,0,2005
campanha02-idor-path-traversal-malicioso-r05,idor-path-traversal,path-traversal,malicioso,172.30.0.10,172.30.0.250,2026-07-17T12:49:12.132Z,2026-07-17T12:50:11.502Z,0,2960
campanha02-benigno-mix-benigno-r07,benigno-mix,mix,benigno,172.30.0.20,172.30.0.250,2026-07-17T12:50:23.179Z,2026-07-17T12:52:19.376Z,0,240
campanha02-benigno-ssh-benigno-r07,benigno-ssh,ssh,benigno,172.30.0.20,172.30.0.250,2026-07-17T12:52:26.085Z,2026-07-17T12:54:20.760Z,0,57
campanha02-udp-flood-malicioso-r04,udp-flood,flood-udp,malicioso,172.30.0.10,172.30.0.250,2026-07-17T12:54:27.394Z,2026-07-17T12:55:26.367Z,124,234240
campanha02-xss-scanner-malicioso-r13,xss-scanner,xss,malicioso,172.30.0.10,172.30.0.250,2026-07-17T12:55:42.069Z,2026-07-17T12:56:45.831Z,0,938
campanha02-xss-scanner-malicioso-r08,xss-scanner,xss,malicioso,172.30.0.10,172.30.0.250,2026-07-17T12:56:58.922Z,2026-07-17T12:58:02.143Z,0,867
campanha02-xss-scanner-malicioso-r11,xss-scanner,xss,malicioso,172.30.0.10,172.30.0.250,2026-07-17T12:58:13.817Z,2026-07-17T12:59:20.622Z,0,903
campanha02-ssh-bruteforce-malicioso-r14,ssh-bruteforce,ssh-brute,malicioso,172.30.0.10,172.30.0.250,2026-07-17T12:59:32.942Z,2026-07-17T13:01:31.571Z,0,1090
campanha02-ssh-bruteforce-malicioso-r12,ssh-bruteforce,ssh-brute,malicioso,172.30.0.10,172.30.0.250,2026-07-17T13:01:38.765Z,2026-07-17T13:03:18.539Z,0,1040
campanha02-udp-flood-malicioso-r07,udp-flood,flood-udp,malicioso,172.30.0.10,172.30.0.250,2026-07-17T13:03:31.690Z,2026-07-17T13:04:52.771Z,124,214127
campanha02-xss-scanner-malicioso-r04,xss-scanner,xss,malicioso,172.30.0.10,172.30.0.250,2026-07-17T13:05:07.968Z,2026-07-17T13:06:23.161Z,0,943
campanha02-benigno-http-benigno-r10,benigno-http,http,benigno,172.30.0.20,172.30.0.250,2026-07-17T13:06:38.299Z,2026-07-17T13:09:06.955Z,0,746
campanha02-udp-flood-malicioso-r13,udp-flood,flood-udp,malicioso,172.30.0.10,172.30.0.250,2026-07-17T13:09:20.062Z,2026-07-17T13:10:39.229Z,124,220671
campanha02-ssh-bruteforce-malicioso-r02,ssh-bruteforce,ssh-brute,malicioso,172.30.0.10,172.30.0.250,2026-07-17T13:10:54.012Z,2026-07-17T13:12:51.639Z,0,1111
campanha02-benigno-dns-benigno-r03,benigno-dns,dns,benigno,172.30.0.20,172.30.0.250,2026-07-17T13:13:03.695Z,2026-07-17T13:15:15.179Z,0,3
campanha02-dos-http-simple-malicioso-r02,dos-http-simple,dos-http,malicioso,172.30.0.10,172.30.0.250,2026-07-17T13:15:22.132Z,2026-07-17T13:16:32.173Z,0,2005
campanha02-syn-flood-malicioso-r02,syn-flood,flood-syn,malicioso,172.30.0.10,172.30.0.250,2026-07-17T13:16:44.988Z,2026-07-17T13:17:55.199Z,124,916
campanha02-benigno-ssh-benigno-r13,benigno-ssh,ssh,benigno,172.30.0.20,172.30.0.250,2026-07-17T13:18:08.140Z,2026-07-17T13:20:26.410Z,0,57
campanha02-dns-tunneling-malicioso-r13,dns-tunneling,dns-tunneling,malicioso,172.30.0.10,172.30.0.250,2026-07-17T13:20:38.279Z,2026-07-17T13:22:12.436Z,0,411
campanha02-sql-injection-malicioso-r03,sql-injection,sqli,malicioso,172.30.0.10,172.30.0.250,2026-07-17T13:22:24.476Z,2026-07-17T13:27:17.799Z,124,7416
campanha02-benigno-ssh-benigno-r02,benigno-ssh,ssh,benigno,172.30.0.20,172.30.0.250,2026-07-17T13:27:24.793Z,2026-07-17T13:29:19.845Z,0,57
campanha02-dns-tunneling-malicioso-r06,dns-tunneling,dns-tunneling,malicioso,172.30.0.10,172.30.0.250,2026-07-17T13:29:26.861Z,2026-07-17T13:30:50.393Z,0,411
campanha02-benigno-mix-benigno-r14,benigno-mix,mix,benigno,172.30.0.20,172.30.0.250,2026-07-17T13:31:02.025Z,2026-07-17T13:33:01.365Z,0,240
campanha02-benigno-icmp-benigno-r14,benigno-icmp,icmp,benigno,172.30.0.20,172.30.0.250,2026-07-17T13:33:08.310Z,2026-07-17T13:35:02.998Z,0,169
campanha02-benigno-dns-benigno-r11,benigno-dns,dns,benigno,172.30.0.20,172.30.0.250,2026-07-17T13:35:09.942Z,2026-07-17T13:37:20.471Z,0,3
campanha02-idor-path-traversal-malicioso-r11,idor-path-traversal,path-traversal,malicioso,172.30.0.10,172.30.0.250,2026-07-17T13:37:31.829Z,2026-07-17T13:38:31.291Z,0,3061
campanha02-ssh-bruteforce-malicioso-r13,ssh-bruteforce,ssh-brute,malicioso,172.30.0.10,172.30.0.250,2026-07-17T13:38:43.223Z,2026-07-17T13:40:30.814Z,0,1044
campanha02-xss-scanner-malicioso-r05,xss-scanner,xss,malicioso,172.30.0.10,172.30.0.250,2026-07-17T13:40:37.658Z,2026-07-17T13:41:26.223Z,0,887
campanha02-benigno-mix-benigno-r12,benigno-mix,mix,benigno,172.30.0.20,172.30.0.250,2026-07-17T13:41:38.906Z,2026-07-17T13:43:35.992Z,0,244
campanha02-benigno-mix-benigno-r02,benigno-mix,mix,benigno,172.30.0.20,172.30.0.250,2026-07-17T13:43:43.632Z,2026-07-17T13:45:39.030Z,0,242
campanha02-idor-path-traversal-malicioso-r15,idor-path-traversal,path-traversal,malicioso,172.30.0.10,172.30.0.250,2026-07-17T13:45:45.918Z,2026-07-17T13:46:27.935Z,0,3062
campanha02-dns-tunneling-malicioso-r10,dns-tunneling,dns-tunneling,malicioso,172.30.0.10,172.30.0.250,2026-07-17T13:46:41.132Z,2026-07-17T13:48:13.044Z,0,409
campanha02-benigno-http-benigno-r15,benigno-http,http,benigno,172.30.0.20,172.30.0.250,2026-07-17T13:48:24.960Z,2026-07-17T13:50:29.918Z,0,805
campanha02-benigno-dns-benigno-r14,benigno-dns,dns,benigno,172.30.0.20,172.30.0.250,2026-07-17T13:50:36.916Z,2026-07-17T13:52:47.298Z,0,3
campanha02-dns-tunneling-malicioso-r15,dns-tunneling,dns-tunneling,malicioso,172.30.0.10,172.30.0.250,2026-07-17T13:52:57.931Z,2026-07-17T13:54:11.171Z,0,411
campanha02-benigno-http-benigno-r14,benigno-http,http,benigno,172.30.0.20,172.30.0.250,2026-07-17T13:54:23.717Z,2026-07-17T13:56:31.775Z,0,805
campanha02-syn-flood-malicioso-r11,syn-flood,flood-syn,malicioso,172.30.0.10,172.30.0.250,2026-07-17T13:56:38.496Z,2026-07-17T13:57:27.530Z,124,1022
campanha02-benigno-ssh-benigno-r14,benigno-ssh,ssh,benigno,172.30.0.20,172.30.0.250,2026-07-17T13:57:39.745Z,2026-07-17T13:59:43.393Z,0,57
campanha02-benigno-http-benigno-r04,benigno-http,http,benigno,172.30.0.20,172.30.0.250,2026-07-17T13:59:50.251Z,2026-07-17T14:01:43.958Z,0,805
campanha02-idor-path-traversal-malicioso-r14,idor-path-traversal,path-traversal,malicioso,172.30.0.10,172.30.0.250,2026-07-17T14:01:50.614Z,2026-07-17T14:02:27.125Z,0,3075
campanha02-benigno-icmp-benigno-r03,benigno-icmp,icmp,benigno,172.30.0.20,172.30.0.250,2026-07-17T14:02:38.882Z,2026-07-17T14:04:44.063Z,0,171
campanha02-port-scanner-tcp-malicioso-r14,port-scanner-tcp,scan,malicioso,172.30.0.10,172.30.0.250,2026-07-17T14:04:50.709Z,2026-07-17T14:05:23.529Z,0,2011
campanha02-syn-flood-malicioso-r12,syn-flood,flood-syn,malicioso,172.30.0.10,172.30.0.250,2026-07-17T14:05:35.723Z,2026-07-17T14:06:43.130Z,124,1145
campanha02-dos-http-simple-malicioso-r13,dos-http-simple,dos-http,malicioso,172.30.0.10,172.30.0.250,2026-07-17T14:06:54.783Z,2026-07-17T14:08:12.369Z,0,2005
campanha02-benigno-icmp-benigno-r06,benigno-icmp,icmp,benigno,172.30.0.20,172.30.0.250,2026-07-17T14:08:24.081Z,2026-07-17T14:10:21.536Z,0,171
campanha02-benigno-mix-benigno-r15,benigno-mix,mix,benigno,172.30.0.20,172.30.0.250,2026-07-17T14:10:28.329Z,2026-07-17T14:12:22.453Z,0,240
campanha02-ssh-bruteforce-malicioso-r04,ssh-bruteforce,ssh-brute,malicioso,172.30.0.10,172.30.0.250,2026-07-17T14:12:29.140Z,2026-07-17T14:14:08.908Z,0,973
campanha02-sql-injection-malicioso-r11,sql-injection,sqli,malicioso,172.30.0.10,172.30.0.250,2026-07-17T14:14:21.038Z,2026-07-17T14:19:11.628Z,124,12157
campanha02-benigno-icmp-benigno-r09,benigno-icmp,icmp,benigno,172.30.0.20,172.30.0.250,2026-07-17T14:19:21.527Z,2026-07-17T14:21:18.017Z,0,171
campanha02-port-scanner-tcp-malicioso-r12,port-scanner-tcp,scan,malicioso,172.30.0.10,172.30.0.250,2026-07-17T14:21:24.749Z,2026-07-17T14:22:12.023Z,0,2012
campanha02-ssh-bruteforce-malicioso-r01,ssh-bruteforce,ssh-brute,malicioso,172.30.0.10,172.30.0.250,2026-07-17T14:22:24.169Z,2026-07-17T14:24:16.937Z,0,1091
campanha02-benigno-http-benigno-r02,benigno-http,http,benigno,172.30.0.20,172.30.0.250,2026-07-17T14:24:23.648Z,2026-07-17T14:26:21.992Z,0,785
campanha02-benigno-dns-benigno-r05,benigno-dns,dns,benigno,172.30.0.20,172.30.0.250,2026-07-17T14:26:33.564Z,2026-07-17T14:28:42.373Z,0,3
campanha02-benigno-mix-benigno-r05,benigno-mix,mix,benigno,172.30.0.20,172.30.0.250,2026-07-17T14:28:49.050Z,2026-07-17T14:30:43.061Z,0,242
campanha02-ssh-bruteforce-malicioso-r10,ssh-bruteforce,ssh-brute,malicioso,172.30.0.10,172.30.0.250,2026-07-17T14:30:49.931Z,2026-07-17T14:32:31.036Z,0,1040
campanha02-benigno-scan-benigno-r10,benigno-scan,scan,benigno,172.30.0.20,172.30.0.250,2026-07-17T14:32:42.916Z,2026-07-17T14:34:44.637Z,0,177
campanha02-syn-flood-malicioso-r07,syn-flood,flood-syn,malicioso,172.30.0.10,172.30.0.250,2026-07-17T14:34:51.538Z,2026-07-17T14:35:49.499Z,124,999
campanha02-udp-flood-malicioso-r03,udp-flood,flood-udp,malicioso,172.30.0.10,172.30.0.250,2026-07-17T14:36:01.135Z,2026-07-17T14:37:13.727Z,124,233602
campanha02-syn-flood-malicioso-r10,syn-flood,flood-syn,malicioso,172.30.0.10,172.30.0.250,2026-07-17T14:37:28.033Z,2026-07-17T14:38:34.623Z,124,1081
campanha02-benigno-dns-benigno-r07,benigno-dns,dns,benigno,172.30.0.20,172.30.0.250,2026-07-17T14:38:46.935Z,2026-07-17T14:40:55.404Z,0,3
campanha02-ssh-bruteforce-malicioso-r11,ssh-bruteforce,ssh-brute,malicioso,172.30.0.10,172.30.0.250,2026-07-17T14:41:02.654Z,2026-07-17T14:42:52.184Z,0,994
campanha02-xss-scanner-malicioso-r03,xss-scanner,xss,malicioso,172.30.0.10,172.30.0.250,2026-07-17T14:42:59.705Z,2026-07-17T14:43:40.589Z,0,924
campanha02-benigno-ssh-benigno-r01,benigno-ssh,ssh,benigno,172.30.0.20,172.30.0.250,2026-07-17T14:43:54.284Z,2026-07-17T14:46:03.971Z,0,56
campanha02-dos-http-simple-malicioso-r01,dos-http-simple,dos-http,malicioso,172.30.0.10,172.30.0.250,2026-07-17T14:46:11.144Z,2026-07-17T14:47:15.464Z,0,2005
campanha02-icmp-flood-malicioso-r07,icmp-flood,flood-icmp,malicioso,172.30.0.10,172.30.0.250,2026-07-17T15:08:01.398Z,2026-07-17T15:09:16.034Z,124,393487
campanha02-port-scanner-tcp-malicioso-r03,port-scanner-tcp,scan,malicioso,172.30.0.10,172.30.0.250,2026-07-17T15:09:29.158Z,2026-07-17T15:10:23.799Z,0,2012
campanha02-benigno-dns-benigno-r15,benigno-dns,dns,benigno,172.30.0.20,172.30.0.250,2026-07-17T15:10:35.647Z,2026-07-17T15:12:45.313Z,0,3
campanha02-sql-injection-malicioso-r10,sql-injection,sqli,malicioso,172.30.0.10,172.30.0.250,2026-07-17T15:12:51.933Z,2026-07-17T15:17:32.108Z,124,12148
campanha02-port-scanner-tcp-malicioso-r04,port-scanner-tcp,scan,malicioso,172.30.0.10,172.30.0.250,2026-07-17T15:17:41.873Z,2026-07-17T15:18:37.268Z,0,2012
campanha02-udp-flood-malicioso-r06,udp-flood,flood-udp,malicioso,172.30.0.10,172.30.0.250,2026-07-17T15:18:48.898Z,2026-07-17T15:20:04.253Z,124,250723
campanha02-benigno-mix-benigno-r06,benigno-mix,mix,benigno,172.30.0.20,172.30.0.250,2026-07-17T15:20:18.577Z,2026-07-17T15:22:17.460Z,0,242
campanha02-benigno-dns-benigno-r02,benigno-dns,dns,benigno,172.30.0.20,172.30.0.250,2026-07-17T15:22:24.711Z,2026-07-17T15:24:23.415Z,0,3
campanha02-benigno-http-benigno-r05,benigno-http,http,benigno,172.30.0.20,172.30.0.250,2026-07-17T15:24:30.345Z,2026-07-17T15:26:25.694Z,0,805
campanha02-icmp-flood-malicioso-r09,icmp-flood,flood-icmp,malicioso,172.30.0.10,172.30.0.250,2026-07-17T15:26:32.930Z,2026-07-17T15:27:25.526Z,124,407261
campanha02-udp-flood-malicioso-r01,udp-flood,flood-udp,malicioso,172.30.0.10,172.30.0.250,2026-07-17T15:27:39.331Z,2026-07-17T15:28:57.170Z,124,251080
campanha02-benigno-mix-benigno-r03,benigno-mix,mix,benigno,172.30.0.20,172.30.0.250,2026-07-17T15:29:12.210Z,2026-07-17T15:31:10.730Z,0,240
campanha02-benigno-http-benigno-r11,benigno-http,http,benigno,172.30.0.20,172.30.0.250,2026-07-17T15:31:17.715Z,2026-07-17T15:33:12.909Z,0,785
campanha02-sql-injection-malicioso-r02,sql-injection,sqli,malicioso,172.30.0.10,172.30.0.250,2026-07-17T15:33:20.029Z,2026-07-17T15:37:57.598Z,124,7729
campanha02-benigno-icmp-benigno-r07,benigno-icmp,icmp,benigno,172.30.0.20,172.30.0.250,2026-07-17T15:38:04.805Z,2026-07-17T15:40:13.675Z,0,169
campanha02-idor-path-traversal-malicioso-r09,idor-path-traversal,path-traversal,malicioso,172.30.0.10,172.30.0.250,2026-07-17T15:40:28.984Z,2026-07-17T15:41:29.976Z,0,2976
campanha02-benigno-icmp-benigno-r11,benigno-icmp,icmp,benigno,172.30.0.20,172.30.0.250,2026-07-17T15:41:41.793Z,2026-07-17T15:43:57.604Z,0,173
campanha02-icmp-flood-malicioso-r13,icmp-flood,flood-icmp,malicioso,172.30.0.10,172.30.0.250,2026-07-17T15:44:07.958Z,2026-07-17T15:44:48.789Z,124,388659
campanha02-syn-flood-malicioso-r14,syn-flood,flood-syn,malicioso,172.30.0.10,172.30.0.250,2026-07-17T15:45:01.777Z,2026-07-17T15:46:12.343Z,124,1047
campanha02-idor-path-traversal-malicioso-r13,idor-path-traversal,path-traversal,malicioso,172.30.0.10,172.30.0.250,2026-07-17T15:46:23.918Z,2026-07-17T15:47:23.271Z,0,3029
campanha02-benigno-scan-benigno-r03,benigno-scan,scan,benigno,172.30.0.20,172.30.0.250,2026-07-17T15:47:35.168Z,2026-07-17T15:49:55.159Z,0,175
campanha02-dns-tunneling-malicioso-r05,dns-tunneling,dns-tunneling,malicioso,172.30.0.10,172.30.0.250,2026-07-17T15:50:07.519Z,2026-07-17T15:51:40.644Z,0,407
campanha02-dns-tunneling-malicioso-r12,dns-tunneling,dns-tunneling,malicioso,172.30.0.10,172.30.0.250,2026-07-17T15:51:51.948Z,2026-07-17T15:53:25.259Z,0,409
campanha02-udp-flood-malicioso-r05,udp-flood,flood-udp,malicioso,172.30.0.10,172.30.0.250,2026-07-17T15:53:37.507Z,2026-07-17T15:54:52.089Z,124,206679
campanha02-dos-http-simple-malicioso-r06,dos-http-simple,dos-http,malicioso,172.30.0.10,172.30.0.250,2026-07-17T15:55:06.954Z,2026-07-17T15:56:26.578Z,0,2005
campanha02-benigno-icmp-benigno-r13,benigno-icmp,icmp,benigno,172.30.0.20,172.30.0.250,2026-07-17T15:56:38.696Z,2026-07-17T15:58:37.311Z,0,171
campanha02-benigno-http-benigno-r07,benigno-http,http,benigno,172.30.0.20,172.30.0.250,2026-07-17T15:58:44.514Z,2026-07-17T16:00:40.493Z,0,805
campanha02-icmp-flood-malicioso-r01,icmp-flood,flood-icmp,malicioso,172.30.0.10,172.30.0.250,2026-07-17T16:00:48.137Z,2026-07-17T16:01:40.991Z,124,413753
campanha02-icmp-flood-malicioso-r11,icmp-flood,flood-icmp,malicioso,172.30.0.10,172.30.0.250,2026-07-17T16:01:54.541Z,2026-07-17T16:03:02.253Z,124,478363
campanha02-benigno-icmp-benigno-r15,benigno-icmp,icmp,benigno,172.30.0.20,172.30.0.250,2026-07-17T16:03:14.828Z,2026-07-17T16:05:19.317Z,0,171
campanha02-benigno-scan-benigno-r07,benigno-scan,scan,benigno,172.30.0.20,172.30.0.250,2026-07-17T16:05:26.204Z,2026-07-17T16:07:30.961Z,0,175
campanha02-dns-tunneling-malicioso-r07,dns-tunneling,dns-tunneling,malicioso,172.30.0.10,172.30.0.250,2026-07-17T16:07:43.378Z,2026-07-17T16:09:20.931Z,0,412
campanha02-dns-tunneling-malicioso-r08,dns-tunneling,dns-tunneling,malicioso,172.30.0.10,172.30.0.250,2026-07-17T16:09:33.209Z,2026-07-17T16:11:06.443Z,0,412
campanha02-dos-http-simple-malicioso-r07,dos-http-simple,dos-http,malicioso,172.30.0.10,172.30.0.250,2026-07-17T16:11:18.224Z,2026-07-17T16:12:36.904Z,0,2005
campanha02-port-scanner-tcp-malicioso-r06,port-scanner-tcp,scan,malicioso,172.30.0.10,172.30.0.250,2026-07-17T16:12:48.400Z,2026-07-17T16:13:43.675Z,0,2012
campanha02-idor-path-traversal-malicioso-r06,idor-path-traversal,path-traversal,malicioso,172.30.0.10,172.30.0.250,2026-07-17T16:13:55.779Z,2026-07-17T16:14:54.525Z,0,3086
campanha02-benigno-scan-benigno-r11,benigno-scan,scan,benigno,172.30.0.20,172.30.0.250,2026-07-17T16:15:06.389Z,2026-07-17T16:17:06.335Z,0,175
campanha02-benigno-icmp-benigno-r10,benigno-icmp,icmp,benigno,172.30.0.20,172.30.0.250,2026-07-17T16:17:13.081Z,2026-07-17T16:19:07.214Z,0,171
campanha02-port-scanner-tcp-malicioso-r11,port-scanner-tcp,scan,malicioso,172.30.0.10,172.30.0.250,2026-07-17T16:19:13.962Z,2026-07-17T16:19:47.324Z,0,2011
campanha02-benigno-dns-benigno-r08,benigno-dns,dns,benigno,172.30.0.20,172.30.0.250,2026-07-17T16:19:58.534Z,2026-07-17T16:22:11.670Z,0,3
campanha02-syn-flood-malicioso-r03,syn-flood,flood-syn,malicioso,172.30.0.10,172.30.0.250,2026-07-17T16:22:18.446Z,2026-07-17T16:23:09.491Z,124,981
campanha02-dns-tunneling-malicioso-r04,dns-tunneling,dns-tunneling,malicioso,172.30.0.10,172.30.0.250,2026-07-17T16:23:20.893Z,2026-07-17T16:24:57.127Z,0,412
campanha02-benigno-dns-benigno-r09,benigno-dns,dns,benigno,172.30.0.20,172.30.0.250,2026-07-17T16:25:08.666Z,2026-07-17T16:27:17.446Z,0,3
campanha02-icmp-flood-malicioso-r10,icmp-flood,flood-icmp,malicioso,172.30.0.10,172.30.0.250,2026-07-17T16:27:24.104Z,2026-07-17T16:28:21.809Z,124,452217
campanha02-benigno-dns-benigno-r06,benigno-dns,dns,benigno,172.30.0.20,172.30.0.250,2026-07-17T16:28:34.431Z,2026-07-17T16:30:39.687Z,0,3
campanha02-dos-http-simple-malicioso-r05,dos-http-simple,dos-http,malicioso,172.30.0.10,172.30.0.250,2026-07-17T16:30:46.431Z,2026-07-17T16:31:54.386Z,0,2005
campanha02-dos-http-simple-malicioso-r14,dos-http-simple,dos-http,malicioso,172.30.0.10,172.30.0.250,2026-07-17T16:32:06.565Z,2026-07-17T16:33:22.272Z,0,2005
campanha02-udp-flood-malicioso-r11,udp-flood,flood-udp,malicioso,172.30.0.10,172.30.0.250,2026-07-17T16:33:34.161Z,2026-07-17T16:34:49.174Z,124,272835
campanha02-dos-http-simple-malicioso-r08,dos-http-simple,dos-http,malicioso,172.30.0.10,172.30.0.250,2026-07-17T16:35:03.096Z,2026-07-17T16:36:22.406Z,0,2005
campanha02-dos-http-simple-malicioso-r10,dos-http-simple,dos-http,malicioso,172.30.0.10,172.30.0.250,2026-07-17T16:36:34.729Z,2026-07-17T16:37:52.906Z,0,2005
campanha02-benigno-ssh-benigno-r03,benigno-ssh,ssh,benigno,172.30.0.20,172.30.0.250,2026-07-17T16:38:05.742Z,2026-07-17T16:40:06.278Z,0,57
campanha02-benigno-scan-benigno-r01,benigno-scan,scan,benigno,172.30.0.20,172.30.0.250,2026-07-17T16:40:13.537Z,2026-07-17T16:42:08.910Z,0,175
campanha02-icmp-flood-malicioso-r15,icmp-flood,flood-icmp,malicioso,172.30.0.10,172.30.0.250,2026-07-17T16:42:16.074Z,2026-07-17T16:43:07.347Z,124,383747
campanha02-benigno-dns-benigno-r12,benigno-dns,dns,benigno,172.30.0.20,172.30.0.250,2026-07-17T16:43:20.962Z,2026-07-17T16:45:29.360Z,0,3
campanha02-ssh-bruteforce-malicioso-r05,ssh-bruteforce,ssh-brute,malicioso,172.30.0.10,172.30.0.250,2026-07-17T16:45:36.283Z,2026-07-17T16:47:22.041Z,0,1029
campanha02-benigno-ssh-benigno-r09,benigno-ssh,ssh,benigno,172.30.0.20,172.30.0.250,2026-07-17T16:47:28.803Z,2026-07-17T16:49:14.555Z,0,59
campanha02-xss-scanner-malicioso-r09,xss-scanner,xss,malicioso,172.30.0.10,172.30.0.250,2026-07-17T16:49:21.870Z,2026-07-17T16:50:11.567Z,0,935
campanha02-benigno-scan-benigno-r15,benigno-scan,scan,benigno,172.30.0.20,172.30.0.250,2026-07-17T16:50:24.552Z,2026-07-17T16:52:25.064Z,0,177
campanha02-idor-path-traversal-malicioso-r01,idor-path-traversal,path-traversal,malicioso,172.30.0.10,172.30.0.250,2026-07-17T16:52:33.629Z,2026-07-17T16:53:31.069Z,0,3074
campanha02-ssh-bruteforce-malicioso-r03,ssh-bruteforce,ssh-brute,malicioso,172.30.0.10,172.30.0.250,2026-07-17T16:53:45.955Z,2026-07-17T16:55:37.721Z,0,1111
campanha02-port-scanner-tcp-malicioso-r01,port-scanner-tcp,scan,malicioso,172.30.0.10,172.30.0.250,2026-07-17T16:55:44.017Z,2026-07-17T16:56:08.998Z,0,2011
campanha02-benigno-scan-benigno-r12,benigno-scan,scan,benigno,172.30.0.20,172.30.0.250,2026-07-17T16:56:21.532Z,2026-07-17T16:58:42.466Z,0,173
campanha02-benigno-http-benigno-r03,benigno-http,http,benigno,172.30.0.20,172.30.0.250,2026-07-17T16:58:53.661Z,2026-07-17T17:00:51.698Z,0,805
campanha02-benigno-scan-benigno-r08,benigno-scan,scan,benigno,172.30.0.20,172.30.0.250,2026-07-17T17:00:58.208Z,2026-07-17T17:02:53.442Z,0,175
campanha02-port-scanner-tcp-malicioso-r05,port-scanner-tcp,scan,malicioso,172.30.0.10,172.30.0.250,2026-07-17T17:03:00.168Z,2026-07-17T17:03:36.378Z,0,2010
campanha02-benigno-scan-benigno-r09,benigno-scan,scan,benigno,172.30.0.20,172.30.0.250,2026-07-17T17:03:48.581Z,2026-07-17T17:05:56.523Z,0,179
campanha02-dns-tunneling-malicioso-r01,dns-tunneling,dns-tunneling,malicioso,172.30.0.10,172.30.0.250,2026-07-17T17:06:03.047Z,2026-07-17T17:07:23.920Z,0,409
campanha02-benigno-ssh-benigno-r15,benigno-ssh,ssh,benigno,172.30.0.20,172.30.0.250,2026-07-17T17:07:35.598Z,2026-07-17T17:09:38.650Z,0,57
campanha02-udp-flood-malicioso-r14,udp-flood,flood-udp,malicioso,172.30.0.10,172.30.0.250,2026-07-17T17:09:45.425Z,2026-07-17T17:10:49.741Z,124,237227
campanha02-syn-flood-malicioso-r05,syn-flood,flood-syn,malicioso,172.30.0.10,172.30.0.250,2026-07-17T17:11:05.958Z,2026-07-17T17:12:14.297Z,124,881
campanha02-benigno-ssh-benigno-r11,benigno-ssh,ssh,benigno,172.30.0.20,172.30.0.250,2026-07-17T17:12:26.627Z,2026-07-17T17:14:27.071Z,0,59
campanha02-dns-tunneling-malicioso-r11,dns-tunneling,dns-tunneling,malicioso,172.30.0.10,172.30.0.250,2026-07-17T17:14:34.465Z,2026-07-17T17:15:57.697Z,0,411
campanha02-ssh-bruteforce-malicioso-r07,ssh-bruteforce,ssh-brute,malicioso,172.30.0.10,172.30.0.250,2026-07-17T17:16:09.813Z,2026-07-17T17:18:03.565Z,0,1085
campanha02-port-scanner-tcp-malicioso-r09,port-scanner-tcp,scan,malicioso,172.30.0.10,172.30.0.250,2026-07-17T17:18:10.956Z,2026-07-17T17:18:48.243Z,0,2011
campanha02-udp-flood-malicioso-r10,udp-flood,flood-udp,malicioso,172.30.0.10,172.30.0.250,2026-07-17T17:19:00.732Z,2026-07-17T17:20:14.863Z,124,256043
campanha02-udp-flood-malicioso-r12,udp-flood,flood-udp,malicioso,172.30.0.10,172.30.0.250,2026-07-17T17:20:28.761Z,2026-07-17T17:21:46.439Z,124,218498
campanha02-dos-http-simple-malicioso-r04,dos-http-simple,dos-http,malicioso,172.30.0.10,172.30.0.250,2026-07-17T17:22:00.558Z,2026-07-17T17:23:18.886Z,0,2005
campanha02-sql-injection-malicioso-r07,sql-injection,sqli,malicioso,172.30.0.10,172.30.0.250,2026-07-17T17:23:31.069Z,2026-07-17T17:28:25.055Z,124,7187
campanha02-xss-scanner-malicioso-r01,xss-scanner,xss,malicioso,172.30.0.10,172.30.0.250,2026-07-17T17:28:36.484Z,2026-07-17T17:29:38.961Z,0,921
campanha02-benigno-http-benigno-r08,benigno-http,http,benigno,172.30.0.20,172.30.0.250,2026-07-17T17:29:51.126Z,2026-07-17T17:31:58.151Z,0,805
campanha02-sql-injection-malicioso-r09,sql-injection,sqli,malicioso,172.30.0.10,172.30.0.250,2026-07-17T17:32:04.937Z,2026-07-17T17:36:40.300Z,124,12237
campanha02-xss-scanner-malicioso-r07,xss-scanner,xss,malicioso,172.30.0.10,172.30.0.250,2026-07-17T17:36:47.360Z,2026-07-17T17:37:48.331Z,0,906
campanha02-udp-flood-malicioso-r15,udp-flood,flood-udp,malicioso,172.30.0.10,172.30.0.250,2026-07-17T17:38:00.162Z,2026-07-17T17:39:13.489Z,124,239818
campanha02-idor-path-traversal-malicioso-r08,idor-path-traversal,path-traversal,malicioso,172.30.0.10,172.30.0.250,2026-07-17T17:39:28.454Z,2026-07-17T17:40:28.637Z,0,3088
campanha02-icmp-flood-malicioso-r06,icmp-flood,flood-icmp,malicioso,172.30.0.10,172.30.0.250,2026-07-17T17:40:40.947Z,2026-07-17T17:41:50.528Z,124,449039
campanha02-benigno-ssh-benigno-r10,benigno-ssh,ssh,benigno,172.30.0.20,172.30.0.250,2026-07-17T17:42:04.592Z,2026-07-17T17:44:07.467Z,0,57
campanha02-benigno-http-benigno-r13,benigno-http,http,benigno,172.30.0.20,172.30.0.250,2026-07-17T17:44:15.319Z,2026-07-17T17:46:10.745Z,0,785
campanha02-port-scanner-tcp-malicioso-r15,port-scanner-tcp,scan,malicioso,172.30.0.10,172.30.0.250,2026-07-17T17:46:17.702Z,2026-07-17T17:46:56.029Z,0,2011
campanha02-ssh-bruteforce-malicioso-r09,ssh-bruteforce,ssh-brute,malicioso,172.30.0.10,172.30.0.250,2026-07-17T17:47:08.250Z,2026-07-17T17:49:07.101Z,0,1041
campanha02-benigno-scan-benigno-r06,benigno-scan,scan,benigno,172.30.0.20,172.30.0.250,2026-07-17T17:49:13.859Z,2026-07-17T17:51:00.082Z,0,175
campanha02-icmp-flood-malicioso-r14,icmp-flood,flood-icmp,malicioso,172.30.0.10,172.30.0.250,2026-07-17T17:51:07.230Z,2026-07-17T17:52:03.127Z,124,463149
campanha02-benigno-icmp-benigno-r12,benigno-icmp,icmp,benigno,172.30.0.20,172.30.0.250,2026-07-17T17:52:17.740Z,2026-07-17T17:54:14.483Z,0,171
campanha02-benigno-icmp-benigno-r04,benigno-icmp,icmp,benigno,172.30.0.20,172.30.0.250,2026-07-17T17:54:21.731Z,2026-07-17T17:56:17.409Z,0,171
campanha02-benigno-dns-benigno-r04,benigno-dns,dns,benigno,172.30.0.20,172.30.0.250,2026-07-17T17:56:24.436Z,2026-07-17T17:58:36.718Z,0,3
campanha02-dos-http-simple-malicioso-r11,dos-http-simple,dos-http,malicioso,172.30.0.10,172.30.0.250,2026-07-17T17:58:48.574Z,2026-07-17T18:00:07.185Z,0,2005
campanha02-idor-path-traversal-malicioso-r03,idor-path-traversal,path-traversal,malicioso,172.30.0.10,172.30.0.250,2026-07-17T18:00:19.671Z,2026-07-17T18:01:20.546Z,0,3025
campanha02-ssh-bruteforce-malicioso-r08,ssh-bruteforce,ssh-brute,malicioso,172.30.0.10,172.30.0.250,2026-07-17T18:01:33.162Z,2026-07-17T18:03:39.055Z,0,984
campanha02-udp-flood-malicioso-r09,udp-flood,flood-udp,malicioso,172.30.0.10,172.30.0.250,2026-07-17T18:03:51.257Z,2026-07-17T18:05:07.365Z,124,255988
campanha02-benigno-mix-benigno-r09,benigno-mix,mix,benigno,172.30.0.20,172.30.0.250,2026-07-17T18:05:23.537Z,2026-07-17T18:07:30.136Z,0,238
campanha02-syn-flood-malicioso-r01,syn-flood,flood-syn,malicioso,172.30.0.10,172.30.0.250,2026-07-17T18:07:37.282Z,2026-07-17T18:08:27.868Z,124,837
campanha02-benigno-ssh-benigno-r12,benigno-ssh,ssh,benigno,172.30.0.20,172.30.0.250,2026-07-17T18:08:39.918Z,2026-07-17T18:10:45.867Z,0,57
campanha02-idor-path-traversal-malicioso-r04,idor-path-traversal,path-traversal,malicioso,172.30.0.10,172.30.0.250,2026-07-17T18:10:53.091Z,2026-07-17T18:11:40.177Z,0,3120
campanha02-syn-flood-malicioso-r06,syn-flood,flood-syn,malicioso,172.30.0.10,172.30.0.250,2026-07-17T18:11:52.878Z,2026-07-17T18:13:00.989Z,124,1078
campanha02-benigno-ssh-benigno-r06,benigno-ssh,ssh,benigno,172.30.0.20,172.30.0.250,2026-07-17T18:13:13.541Z,2026-07-17T18:15:15.576Z,0,61
campanha02-port-scanner-tcp-malicioso-r02,port-scanner-tcp,scan,malicioso,172.30.0.10,172.30.0.250,2026-07-17T18:15:22.577Z,2026-07-17T18:16:07.442Z,0,2012
campanha02-icmp-flood-malicioso-r03,icmp-flood,flood-icmp,malicioso,172.30.0.10,172.30.0.250,2026-07-17T18:16:19.882Z,2026-07-17T18:17:29.257Z,124,258141
campanha02-benigno-icmp-benigno-r01,benigno-icmp,icmp,benigno,172.30.0.20,172.30.0.250,2026-07-17T18:17:42.699Z,2026-07-17T18:19:40.802Z,0,169
campanha02-ssh-bruteforce-malicioso-r15,ssh-bruteforce,ssh-brute,malicioso,172.30.0.10,172.30.0.250,2026-07-17T18:19:48.516Z,2026-07-17T18:21:41.282Z,0,1022
campanha02-icmp-flood-malicioso-r04,icmp-flood,flood-icmp,malicioso,172.30.0.10,172.30.0.250,2026-07-17T18:21:48.358Z,2026-07-17T18:22:39.747Z,124,341157
campanha02-xss-scanner-malicioso-r14,xss-scanner,xss,malicioso,172.30.0.10,172.30.0.250,2026-07-17T18:22:53.384Z,2026-07-17T18:23:57.825Z,0,930
campanha02-sql-injection-malicioso-r08,sql-injection,sqli,malicioso,172.30.0.10,172.30.0.250,2026-07-17T18:24:10.652Z,2026-07-17T18:29:05.113Z,124,7362
campanha02-xss-scanner-malicioso-r10,xss-scanner,xss,malicioso,172.30.0.10,172.30.0.250,2026-07-17T18:29:11.896Z,2026-07-17T18:29:52.609Z,0,903
campanha02-benigno-scan-benigno-r02,benigno-scan,scan,benigno,172.30.0.20,172.30.0.250,2026-07-17T18:30:06.317Z,2026-07-17T18:32:18.155Z,0,175
campanha02-benigno-http-benigno-r09,benigno-http,http,benigno,172.30.0.20,172.30.0.250,2026-07-17T18:32:25.119Z,2026-07-17T18:34:27.145Z,0,785
campanha02-udp-flood-malicioso-r02,udp-flood,flood-udp,malicioso,172.30.0.10,172.30.0.250,2026-07-17T18:34:39.678Z,2026-07-17T18:35:56.297Z,124,259254
campanha02-udp-flood-malicioso-r08,udp-flood,flood-udp,malicioso,172.30.0.10,172.30.0.250,2026-07-17T18:36:11.785Z,2026-07-17T18:37:26.945Z,124,258091
campanha02-syn-flood-malicioso-r04,syn-flood,flood-syn,malicioso,172.30.0.10,172.30.0.250,2026-07-17T18:37:41.406Z,2026-07-17T18:38:49.191Z,124,986
campanha02-port-scanner-tcp-malicioso-r08,port-scanner-tcp,scan,malicioso,172.30.0.10,172.30.0.250,2026-07-17T18:39:01.629Z,2026-07-17T18:39:58.683Z,0,2012
campanha02-ssh-bruteforce-malicioso-r06,ssh-bruteforce,ssh-brute,malicioso,172.30.0.10,172.30.0.250,2026-07-17T18:40:10.736Z,2026-07-17T18:42:03.561Z,0,981
campanha02-benigno-dns-benigno-r01,benigno-dns,dns,benigno,172.30.0.20,172.30.0.250,2026-07-17T18:42:10.574Z,2026-07-17T18:44:03.766Z,0,3
campanha02-dos-http-simple-malicioso-r03,dos-http-simple,dos-http,malicioso,172.30.0.10,172.30.0.250,2026-07-17T18:44:10.736Z,2026-07-17T18:45:20.726Z,0,2005
campanha02-dns-tunneling-malicioso-r14,dns-tunneling,dns-tunneling,malicioso,172.30.0.10,172.30.0.250,2026-07-17T18:45:33.383Z,2026-07-17T18:47:08.802Z,0,409
